Space cost (bytes),# TPG edges,# Upper-bound edges,# STPG edges
1.00437e+07,19,13,13
1.00588e+07,200,14,14
1.01008e+07,690,193,192
1.00558e+07,125,50,50
1.01052e+07,624,159,159
1.01436e+07,986,365,363
1.00555e+07,137,53,53
1.00437e+07,34,4,4
1.0124e+07,909,305,302
1.01644e+07,1380,458,458
1.00436e+07,24,8,8
1.00609e+07,213,51,51
1.00559e+07,145,55,55
1.01661e+07,1380,525,512
1.00898e+07,541,134,133
1.01277e+07,911,323,312
1.00596e+07,178,85,85
1.01113e+07,727,218,212
1.00632e+07,239,77,77
1.00704e+07,313,104,104
1.00434e+07,17,14,14
1.00425e+07,15,5,5
1.02211e+07,1949,804,797
1.00574e+07,207,35,35
1.00513e+07,127,10,10
1.0059e+07,200,51,51
1.01063e+07,752,213,186
1.00434e+07,24,8,8
1.00563e+07,174,41,41
1.00725e+07,346,92,92
1.00508e+07,121,31,31
1.00501e+07,81,39,39
1.00444e+07,27,19,19
1.00587e+07,180,50,50
1.00483e+07,60,40,40
1.00469e+07,60,18,18
1.01446e+07,1033,409,407
1.01625e+07,1305,461,453
1.00501e+07,85,47,47
1.00435e+07,24,12,12
1.01029e+07,635,220,219
1.00432e+07,15,10,10
1.00468e+07,60,13,13
1.00487e+07,102,7,7
1.00913e+07,524,226,226
1.00445e+07,41,6,6
1.00484e+07,90,8,8
1.00441e+07,40,5,5
1.01088e+07,812,193,181
1.0184e+07,1550,660,660
1.00852e+07,434,209,209
1.00551e+07,139,35,34
1.00639e+07,245,56,53
1.00482e+07,85,18,18
1.02211e+07,1949,804,797
1.01362e+07,988,272,247
1.00475e+07,52,36,36
1.00612e+07,187,78,78
1.00604e+07,245,53,53
1.00613e+07,188,55,55
1.00718e+07,308,114,114
1.00712e+07,361,88,84
1.00444e+07,32,13,13
1.00497e+07,73,33,33
1.00438e+07,18,14,14
1.02211e+07,1949,804,797
1.01498e+07,1283,353,341
1.0042e+07,5,5,5
1.01292e+07,946,317,315
1.00487e+07,77,20,20
1.00599e+07,196,63,63
1.00647e+07,271,64,64
1.00457e+07,45,13,13
1.00424e+07,11,7,7
1.00438e+07,29,8,8
1.00526e+07,107,43,43
1.0042e+07,6,5,5
1.01257e+07,813,365,364
1.00417e+07,6,2,2
1.00722e+07,346,113,113
1.00736e+07,363,100,100
1.00426e+07,17,3,3
1.00868e+07,506,141,141
1.00417e+07,4,4,4
1.01011e+07,561,211,209
1.00671e+07,305,30,30
1.00606e+07,225,40,40
1.00507e+07,122,15,15
1.01014e+07,643,195,192
1.00641e+07,219,85,85
1.01198e+07,821,223,220
1.00456e+07,48,16,16
1.00892e+07,456,204,204
1.00828e+07,450,137,137
1.02211e+07,1949,804,797
1.00781e+07,441,100,95
1.00428e+07,16,6,6
1.0049e+07,78,25,25
1.0066e+07,245,101,101
1.00441e+07,27,7,7
1.01602e+07,1207,435,432
1.00502e+07,122,3,3
1.00639e+07,270,70,70
1.0166e+07,1367,570,570
1.0088e+07,527,141,140
1.00485e+07,78,17,17
1.01699e+07,1378,407,404
1.00826e+07,411,144,140
1.00583e+07,218,23,23
1.00711e+07,319,110,110
1.00727e+07,302,150,150
1.00543e+07,148,43,43
1.00544e+07,135,25,25
1.0101e+07,592,193,189
1.00574e+07,122,71,71
1.0067e+07,231,100,100
1.0073e+07,365,60,59
1.00754e+07,332,114,108
1.00583e+07,193,42,42
1.00424e+07,19,2,2
1.01313e+07,917,350,350
1.00527e+07,137,28,28
1.00974e+07,587,199,198
1.00477e+07,70,25,25
1.00451e+07,60,4,4
1.00459e+07,43,19,19
1.00814e+07,408,163,163
1.01154e+07,740,292,292
1.00637e+07,278,63,63
1.00488e+07,86,22,22
1.00568e+07,178,41,41
1.00902e+07,600,92,87
1.0042e+07,7,5,5
1.01164e+07,792,279,270
1.00738e+07,341,100,100
1.00428e+07,13,10,10
1.00426e+07,14,5,5
1.00633e+07,233,73,73
1.00501e+07,89,35,35
1.00795e+07,378,94,92
1.00535e+07,105,58,58
1.00515e+07,129,15,12
1.00462e+07,72,11,11
1.00488e+07,85,24,24
1.00999e+07,634,200,199
1.01132e+07,783,230,208
1.00424e+07,10,7,7
1.01036e+07,664,240,236
1.01715e+07,1282,511,509
1.00458e+07,49,9,9
1.00511e+07,98,24,24
1.01044e+07,649,258,245
1.00468e+07,54,17,17
1.00531e+07,135,27,27
1.00435e+07,26,11,11
1.00423e+07,11,7,7
1.0045e+07,38,15,15
1.00675e+07,305,78,78
1.00789e+07,393,129,121
1.00496e+07,104,25,25
1.00578e+07,192,34,34
1.00493e+07,84,32,32
1.01042e+07,672,215,183
1.00661e+07,266,75,75
1.01159e+07,865,267,258
1.0138e+07,963,394,391
1.00869e+07,473,168,167
1.00826e+07,429,131,131
1.00424e+07,8,8,8
1.00636e+07,251,61,61
1.00475e+07,61,24,24
1.01222e+07,786,286,286
1.00438e+07,26,15,15
1.01281e+07,859,354,350
1.00488e+07,86,22,22
1.00415e+07,2,2,2
1.00666e+07,291,70,70
1.00703e+07,275,122,122
1.01293e+07,997,269,264
1.00459e+07,49,23,23
1.00466e+07,54,20,20
1.00416e+07,3,3,3
1.00434e+07,28,5,5
1.00653e+07,292,57,57
1.00519e+07,109,33,33
1.0042e+07,7,5,5
1.00461e+07,37,26,26
1.00596e+07,220,51,51
1.01056e+07,617,299,299
1.009e+07,489,173,173
1.00638e+07,232,90,86
1.00425e+07,11,6,6
1.01158e+07,1008,11,11
1.00443e+07,40,9,9
1.01892e+07,1457,600,600
1.00983e+07,619,190,189
1.00589e+07,195,49,49
1.00415e+07,2,2,2
1.01561e+07,1196,441,439
1.00521e+07,134,21,21
1.00512e+07,103,38,38
1.00741e+07,460,3,3
1.00603e+07,165,83,83
1.0103e+07,648,214,214
1.00845e+07,425,172,170
1.00503e+07,102,21,21
1.00463e+07,40,25,25
1.0056e+07,123,69,69
1.00452e+07,44,10,10
1.00643e+07,220,84,84
1.00894e+07,495,156,155
1.01147e+07,855,238,238
1.00937e+07,484,252,252
1.01178e+07,874,242,237
1.00745e+07,324,105,105
1.01205e+07,843,272,272
1.01186e+07,792,252,252
1.01047e+07,859,25,25
1.01087e+07,676,270,267
1.00424e+07,8,8,8
1.00489e+07,102,9,9
1.00429e+07,12,10,10
1.0048e+07,72,29,29
1.00479e+07,62,25,25
1.00775e+07,419,108,108
1.00776e+07,411,66,66
1.02211e+07,1949,804,797
1.00628e+07,232,55,55
1.00812e+07,415,88,87
1.01265e+07,895,251,247
1.00427e+07,22,3,3
1.00594e+07,189,54,54
1.00508e+07,100,35,35
1.00488e+07,61,41,41
1.00725e+07,343,102,102
1.00424e+07,8,7,7
1.00474e+07,84,12,12
1.00426e+07,12,7,7
1.00542e+07,158,36,36
1.0053e+07,101,62,62
1.00609e+07,230,77,77
1.01485e+07,1157,418,405
1.00956e+07,574,154,153
1.01184e+07,822,325,315
1.00483e+07,74,21,21
1.00425e+07,14,7,7
1.01014e+07,628,179,173
1.00465e+07,61,12,12
1.00452e+07,62,6,6
1.02211e+07,1949,804,797
1.00542e+07,103,62,62
1.00426e+07,9,9,9
1.00534e+07,112,58,58
1.00658e+07,237,88,87
1.00741e+07,345,127,126
1.01005e+07,584,208,206
1.00431e+07,15,11,11
1.00451e+07,52,5,5
1.01212e+07,942,256,245
1.00504e+07,86,39,38
1.005e+07,99,31,31
1.00575e+07,160,51,51
1.00443e+07,40,5,5
1.00984e+07,593,226,226
1.00619e+07,233,44,44
1.0055e+07,145,37,37
1.00435e+07,32,7,7
1.00753e+07,391,69,60
1.00419e+07,6,4,4
1.00708e+07,321,96,96
1.02087e+07,1811,718,709
1.01205e+07,861,233,231
1.00422e+07,9,4,4
1.02211e+07,1949,804,797
1.00644e+07,258,79,77
1.00525e+07,147,3,3
1.00448e+07,47,8,8
1.01425e+07,1026,345,341
1.0099e+07,600,174,171
1.00446e+07,30,16,16
1.00577e+07,149,76,76
1.01006e+07,650,189,185
1.00434e+07,21,12,12
1.00465e+07,57,21,21
1.00521e+07,125,29,29
1.0046e+07,58,7,7
1.02211e+07,1949,804,797
1.0043e+07,18,6,6
1.00416e+07,3,3,3
1.00462e+07,50,20,20
1.00445e+07,39,5,5
1.00494e+07,84,31,31
1.00416e+07,5,2,2
1.00729e+07,355,89,89
1.01093e+07,696,275,266
1.01044e+07,676,241,235
1.00979e+07,610,123,118
1.0108e+07,690,230,230
1.00645e+07,240,78,78
1.01055e+07,715,235,235
1.0056e+07,156,45,45
1.02211e+07,1949,804,797
1.00525e+07,121,38,38
1.00641e+07,251,66,66
1.00448e+07,26,18,18
1.01097e+07,720,241,238
1.01404e+07,1046,299,295
1.00582e+07,206,33,33
1.00586e+07,170,80,80
1.00425e+07,11,8,8
1.01314e+07,907,382,380
1.00434e+07,19,12,12
1.00496e+07,93,20,20
1.00427e+07,12,12,12
1.02211e+07,1949,804,797
1.00884e+07,514,166,166
1.00725e+07,322,70,62
1.01056e+07,818,22,22
1.00574e+07,186,37,37
1.00827e+07,429,138,132
1.00703e+07,296,143,143
1.00755e+07,388,101,98
1.01407e+07,1006,458,456
1.02211e+07,1949,804,797
1.00758e+07,329,128,127
1.00535e+07,180,10,10
1.00684e+07,292,95,95
1.00772e+07,383,110,110
1.0129e+07,1196,4,4
1.00825e+07,411,127,119
1.00604e+07,206,36,36
1.01283e+07,850,434,434
1.01354e+07,940,397,397
1.01214e+07,768,262,254
1.00448e+07,32,13,13
1.00432e+07,21,5,5
1.0042e+07,9,4,4
1.01157e+07,816,233,233
1.00429e+07,22,6,6
1.00425e+07,12,6,6
1.00755e+07,379,132,132
1.00929e+07,543,186,175
1.00954e+07,587,183,148
1.00952e+07,571,184,184
1.00521e+07,103,43,43
1.00429e+07,24,2,2
1.00539e+07,109,52,52
1.00452e+07,32,20,20
1.01055e+07,673,215,208
1.01291e+07,935,282,278
1.00945e+07,540,179,178
1.00962e+07,593,192,192
1.01094e+07,938,3,3
1.01011e+07,623,207,204
1.01515e+07,1051,475,474
1.00514e+07,94,26,26
1.00734e+07,355,90,85
1.00884e+07,440,134,129
1.00481e+07,88,10,10
1.00536e+07,159,23,23
1.00675e+07,230,119,119
1.00698e+07,330,85,85
1.00458e+07,46,12,12
1.02211e+07,1949,804,797
1.00509e+07,140,21,21
1.0052e+07,110,45,45
1.0088e+07,607,2,2
1.00549e+07,166,7,7
1.00524e+07,100,47,47
1.0046e+07,46,17,17
1.00587e+07,196,49,49
1.00492e+07,73,33,33
1.00546e+07,167,23,23
1.02211e+07,1949,804,797
1.01592e+07,1232,462,459
1.01476e+07,1158,372,362
1.00483e+07,88,13,13
1.00518e+07,115,35,35
1.00581e+07,156,68,68
1.0068e+07,266,84,84
1.00661e+07,233,92,92
1.00635e+07,242,43,43
1.00497e+07,77,37,37
1.00435e+07,18,11,11
1.00924e+07,561,190,189
1.00519e+07,115,28,28
1.00476e+07,63,18,18
1.00464e+07,63,10,10
1.00607e+07,193,75,69
1.00502e+07,118,17,17
1.01473e+07,1018,416,416
1.00763e+07,383,93,85
1.00435e+07,28,8,8
1.00557e+07,183,18,18
1.00624e+07,252,50,50
1.0118e+07,823,257,254
1.0042e+07,6,6,6
1.00964e+07,589,195,195
1.00566e+07,207,2,2
1.00601e+07,189,46,46
1.00513e+07,100,26,26
1.00515e+07,106,29,29
1.0044e+07,25,17,17
1.00542e+07,121,54,54
1.00465e+07,58,13,13
1.00545e+07,125,52,52
1.00421e+07,6,6,6
1.00669e+07,286,73,73
1.0052e+07,118,27,27
1.00446e+07,33,18,18
1.00423e+07,9,6,6
1.0086e+07,477,140,139
1.00954e+07,497,239,239
1.0042e+07,5,5,5
1.00606e+07,211,89,88
1.00442e+07,26,15,15
1.0055e+07,137,47,47
1.00662e+07,231,91,90
1.00457e+07,43,23,23
1.00438e+07,29,5,5
1.00428e+07,15,7,7
1.00459e+07,49,17,17
1.00537e+07,119,65,65
1.00753e+07,393,110,107
1.00414e+07,2,2,2
1.00434e+07,19,14,14
1.0043e+07,16,9,9
1.00439e+07,34,6,6
1.00859e+07,484,97,97
1.00764e+07,354,126,126
1.00439e+07,21,16,16
1.00867e+07,416,164,162
1.0066e+07,228,81,81
1.01036e+07,744,150,145
1.00474e+07,71,26,26
1.00746e+07,296,130,130
1.01434e+07,1383,6,6
1.00443e+07,34,13,13
1.00456e+07,57,7,7
1.01524e+07,1151,403,402
1.01151e+07,787,257,253
1.00516e+07,133,25,25
1.00431e+07,26,5,5
1.00428e+07,19,6,6
1.01326e+07,979,280,261
1.00718e+07,352,72,71
1.00445e+07,26,18,18
1.0042e+07,6,5,5
1.00661e+07,270,90,90
1.01243e+07,783,300,297
1.02211e+07,1949,804,797
1.01098e+07,713,234,231
1.00423e+07,11,5,5
1.00427e+07,16,5,5
1.00742e+07,343,89,89
1.0045e+07,32,15,15
1.01555e+07,1159,444,439
1.00418e+07,4,4,4
1.01365e+07,960,356,354
1.00569e+07,170,66,66
1.00431e+07,15,10,10
1.00498e+07,87,22,22
1.00523e+07,106,42,42
1.00477e+07,86,4,4
1.00733e+07,330,108,101
1.00442e+07,31,6,6
1.00604e+07,226,45,45
1.00518e+07,98,37,37
1.00736e+07,342,100,100
1.01631e+07,1307,464,461
1.0104e+07,603,160,158
1.00425e+07,11,7,7
1.01607e+07,1306,487,486
1.00784e+07,395,112,111
1.00479e+07,79,17,17
1.00991e+07,543,220,220
1.0054e+07,121,47,47
1.0089e+07,491,192,192
1.00633e+07,275,43,43
1.00624e+07,265,58,57
1.00436e+07,29,8,8
1.00493e+07,77,26,26
1.00646e+07,269,90,90
1.01243e+07,904,288,285
1.00608e+07,209,62,62
1.00852e+07,485,117,111
1.01551e+07,1216,442,434
1.00889e+07,474,190,190
1.0136e+07,925,387,387
1.00766e+07,403,82,79
1.01186e+07,804,228,227
1.00982e+07,557,187,187
1.00696e+07,252,118,118
1.00627e+07,216,32,32
1.0144e+07,955,389,389
1.00547e+07,145,44,44
1.00486e+07,77,25,25
1.00812e+07,504,3,3
1.0048e+07,68,21,21
1.00918e+07,518,158,158
1.01257e+07,813,342,334
1.00992e+07,657,161,158
1.00721e+07,348,87,86
1.00472e+07,59,22,22
1.00596e+07,193,54,54
1.00435e+07,27,7,7
1.00464e+07,61,17,17
1.01147e+07,761,355,355
1.00869e+07,462,169,169
1.00558e+07,187,43,43
1.01327e+07,975,278,278
1.01402e+07,1021,339,338
1.00467e+07,65,10,10
1.00432e+07,23,5,5
1.0044e+07,26,11,11
1.00497e+07,93,29,29
1.00844e+07,477,151,151
1.0095e+07,579,221,218
1.00615e+07,188,74,74
1.00718e+07,313,103,102
1.00463e+07,57,18,18
1.00432e+07,26,7,7
1.00656e+07,255,78,78
1.00536e+07,149,30,30
1.00794e+07,358,129,129
1.01455e+07,1132,356,339
1.00591e+07,182,64,64
1.00511e+07,113,18,18
1.00819e+07,371,167,167
1.0088e+07,550,156,156
1.00415e+07,2,2,2
1.00978e+07,582,165,165
1.00552e+07,130,48,48
1.00456e+07,48,9,9
1.00437e+07,26,11,11
1.00481e+07,53,34,34
1.00475e+07,65,33,33
1.0042e+07,9,5,5
1.00676e+07,308,79,76
1.00425e+07,15,6,6
1.01218e+07,853,331,327
1.01095e+07,675,206,202
1.0063e+07,238,51,51
1.01162e+07,852,217,216
1.00479e+07,74,18,18
1.0079e+07,366,131,127
1.00425e+07,12,5,5
1.01241e+07,911,324,324
1.0103e+07,630,157,146
1.01174e+07,846,217,202
1.01069e+07,746,164,162
1.00416e+07,3,3,3
1.00818e+07,453,107,107
1.00534e+07,136,47,47
1.00428e+07,12,10,10
1.00925e+07,573,129,129
1.00496e+07,93,34,34
1.00493e+07,92,24,24
1.01005e+07,585,163,163
1.00463e+07,47,24,24
1.01044e+07,650,242,242
1.0077e+07,403,75,75
1.00855e+07,468,152,145
1.00887e+07,625,16,16
1.01167e+07,742,360,358
1.01116e+07,926,14,14
1.00479e+07,91,5,5
1.01179e+07,825,261,261
1.00834e+07,462,98,92
1.00511e+07,94,37,37
1.0053e+07,120,43,43
1.00613e+07,283,4,4
1.01602e+07,1417,306,289
1.00897e+07,540,136,128
1.00487e+07,95,14,14
1.00608e+07,258,6,6
1.01076e+07,774,206,203
1.00633e+07,249,56,56
1.01344e+07,1042,450,449
1.00562e+07,181,52,52
1.00418e+07,4,4,4
1.00504e+07,98,28,28
1.00757e+07,345,120,120
1.00693e+07,301,75,75
1.00821e+07,394,179,179
1.01136e+07,719,241,236
1.00598e+07,215,38,38
1.01148e+07,724,276,276
1.00496e+07,90,19,19
1.00545e+07,137,33,33
1.00875e+07,487,142,136
1.01102e+07,809,279,275
1.00428e+07,15,7,7
1.00476e+07,77,11,11
1.00616e+07,208,65,65
1.00441e+07,30,16,16
1.01632e+07,1237,475,475
1.01265e+07,889,316,315
1.00521e+07,92,50,50
1.00432e+07,26,6,6
1.00423e+07,13,4,4
1.00428e+07,13,9,9
1.0071e+07,330,107,103
1.00413e+07,1,1,1
1.0079e+07,417,54,54
1.01403e+07,1201,216,211
1.0048e+07,94,14,14
1.00465e+07,64,11,11
1.01176e+07,818,348,348
1.00661e+07,211,113,113
1.0058e+07,168,39,39
1.00422e+07,12,3,3
1.01849e+07,1528,479,472
1.00431e+07,16,9,9
1.01165e+07,795,275,273
1.00426e+07,14,6,6
1.00594e+07,194,63,63
1.00427e+07,15,5,5
1.00533e+07,117,49,49
1.01084e+07,780,240,236
1.00662e+07,258,81,81
1.01223e+07,856,321,316
1.00432e+07,24,8,8
1.00421e+07,7,6,6
1.00937e+07,581,162,157
1.0087e+07,452,196,196
1.00427e+07,22,4,4
1.00605e+07,264,4,4
1.00462e+07,67,7,7
1.00561e+07,148,54,54
1.02211e+07,1949,804,797
1.0094e+07,663,70,70
1.00435e+07,17,13,13
1.00435e+07,22,11,11
1.00633e+07,247,74,74
1.00876e+07,480,148,144
1.00461e+07,52,17,17
1.0045e+07,45,7,7
1.00838e+07,421,175,172
1.00428e+07,14,9,9
1.01007e+07,660,227,225
1.00689e+07,285,63,62
1.00937e+07,571,188,184
1.00426e+07,22,2,2
1.0059e+07,165,73,73
1.01571e+07,1313,503,500
1.00534e+07,171,14,13
1.0104e+07,622,224,224
1.00826e+07,458,137,137
1.01278e+07,1188,2,2
1.00491e+07,86,28,28
1.0042e+07,11,3,3
1.0045e+07,31,17,17
1.01131e+07,913,51,50
1.00541e+07,128,47,47
1.00812e+07,426,116,116
1.00427e+07,14,10,10
1.00496e+07,93,21,21
1.00563e+07,162,48,48
1.00424e+07,10,8,8
1.00452e+07,33,18,18
1.00551e+07,146,44,44
1.00824e+07,480,88,88
1.00415e+07,2,2,2
1.00892e+07,497,118,118
1.00599e+07,204,43,43
1.00536e+07,112,46,46
1.00766e+07,438,49,47
1.00662e+07,269,56,56
1.00429e+07,15,10,10
1.01218e+07,893,276,273
1.00612e+07,228,15,15
1.00483e+07,72,24,24
1.01415e+07,1212,269,258
1.01176e+07,838,334,332
1.0045e+07,36,15,15
1.0057e+07,155,58,58
1.00859e+07,486,155,155
1.00727e+07,311,102,102
1.01324e+07,903,441,437
1.01435e+07,1087,431,391
1.00483e+07,69,23,23
1.02041e+07,1800,633,630
1.00451e+07,43,16,16
1.01335e+07,916,336,336
1.00909e+07,538,142,142
1.00913e+07,474,205,201
1.00719e+07,335,83,82
1.00949e+07,562,232,220
1.00474e+07,63,22,22
1.00444e+07,29,17,17
1.01114e+07,737,200,198
1.0101e+07,647,176,169
1.01321e+07,916,323,319
1.01137e+07,735,225,219
1.01257e+07,876,336,334
1.0052e+07,102,47,47
1.00429e+07,15,9,9
1.02211e+07,1949,804,797
1.01768e+07,1390,586,585
1.0065e+07,251,69,65
1.00839e+07,506,49,40
1.01628e+07,1497,11,11
1.01006e+07,657,239,237
1.00675e+07,250,108,107
1.00427e+07,15,7,7
1.00431e+07,21,8,8
1.0042e+07,6,6,6
1.00423e+07,9,8,8
1.01545e+07,1234,398,394
1.00535e+07,143,29,29
1.00969e+07,568,244,243
1.00735e+07,366,77,74
1.00519e+07,118,31,31
1.00487e+07,102,5,5
1.00476e+07,64,27,27
1.00432e+07,20,7,7
1.0048e+07,79,17,17
1.00426e+07,14,6,6
1.00423e+07,13,4,4
1.00668e+07,261,92,92
1.00869e+07,442,175,174
1.00421e+07,6,6,6
1.00442e+07,27,13,13
1.00931e+07,583,176,173
1.00732e+07,384,36,36
1.01129e+07,706,221,219
1.00436e+07,17,12,12
1.00431e+07,26,3,3
1.00436e+07,27,8,8
1.00773e+07,380,101,100
1.00566e+07,175,26,26
1.00662e+07,350,5,5
1.00714e+07,281,121,120
1.0081e+07,413,162,162
1.00429e+07,12,11,11
1.00453e+07,39,15,15
1.00966e+07,587,134,130
1.00683e+07,233,105,105
1.00677e+07,263,91,91
1.00909e+07,516,163,161
1.00668e+07,338,56,55
1.00515e+07,154,3,3
1.01197e+07,766,280,280
1.00909e+07,532,120,113
1.00562e+07,171,41,41
1.00423e+07,11,5,5
1.00758e+07,354,95,95
1.0118e+07,765,247,243
1.00948e+07,608,109,100
1.00922e+07,493,199,199
1.00573e+07,152,66,66
1.00423e+07,9,9,9
1.01301e+07,993,312,308
1.00473e+07,81,7,7
1.00879e+07,592,127,120
1.00744e+07,333,101,101
1.01355e+07,1073,352,316
1.00798e+07,363,127,125
1.00671e+07,274,96,92
1.00416e+07,3,3,3
1.0053e+07,120,46,46
1.00448e+07,41,11,11
1.0054e+07,161,5,5
1.00886e+07,456,171,170
1.00424e+07,9,7,7
1.00584e+07,211,44,44
1.00438e+07,35,4,4
1.00441e+07,31,11,11
1.01213e+07,821,287,286
1.00941e+07,733,3,3
1.00791e+07,475,3,3
1.00741e+07,272,157,157
1.00572e+07,171,45,41
1.00798e+07,400,90,88
1.00428e+07,20,3,3
1.01385e+07,998,477,477
1.01784e+07,1479,444,439
1.00431e+07,13,10,10
1.00444e+07,47,5,5
1.00445e+07,24,17,17
1.01247e+07,927,250,249
1.00457e+07,45,16,16
1.00923e+07,501,217,216
1.01269e+07,1166,3,3
1.01117e+07,775,234,224
1.00521e+07,113,37,37
1.00438e+07,39,2,2
1.00423e+07,12,5,5
1.00453e+07,41,22,22
1.00475e+07,58,33,33
1.00425e+07,11,6,6
1.00644e+07,213,86,84
1.00431e+07,21,6,6
1.01357e+07,912,381,379
1.00772e+07,380,81,79
1.0042e+07,9,3,3
1.00429e+07,22,4,4
1.00584e+07,230,7,7
1.0088e+07,617,66,63
1.01041e+07,671,171,162
1.01035e+07,763,161,161
1.00617e+07,206,96,96
1.00504e+07,123,17,17
1.01087e+07,755,192,167
1.00429e+07,14,14,14
1.0043e+07,11,11,11
1.00535e+07,127,46,46
1.00478e+07,59,35,35
1.00975e+07,595,195,191
1.01005e+07,553,247,245
1.00607e+07,215,75,75
1.01226e+07,818,295,288
1.01044e+07,598,234,234
1.00441e+07,34,12,12
1.00981e+07,566,292,291
1.00514e+07,134,2,2
1.00544e+07,124,65,65
1.00485e+07,71,23,23
1.00513e+07,124,25,25
1.00931e+07,506,185,184
1.00732e+07,278,113,112
1.00469e+07,57,22,22
1.0137e+07,943,386,386
1.00594e+07,183,72,72
1.01227e+07,924,262,262
1.00438e+07,30,9,9
1.00716e+07,283,128,128
1.0047e+07,63,13,13
1.00659e+07,290,64,64
1.00437e+07,19,14,14
1.01549e+07,1134,364,360
1.00562e+07,121,63,63
1.00565e+07,177,43,43
1.00486e+07,71,25,25
1.01241e+07,916,222,222
1.00536e+07,110,61,61
1.0062e+07,213,54,53
1.00508e+07,100,31,31
1.01854e+07,1466,541,530
1.00594e+07,210,49,49
1.00436e+07,15,14,14
1.00483e+07,93,10,10
1.00626e+07,249,61,61
1.01066e+07,661,218,218
1.00897e+07,519,135,130
1.00741e+07,358,103,103
1.00803e+07,367,168,167
1.00817e+07,464,108,105
1.00446e+07,34,8,8
1.00458e+07,48,21,21
1.00504e+07,98,33,33
1.01132e+07,666,279,279
1.00458e+07,47,18,18
1.01e+07,661,204,201
1.00423e+07,11,5,5
1.00422e+07,12,3,3
1.00429e+07,13,10,10
1.00639e+07,243,77,77
1.0128e+07,931,338,321
1.00441e+07,26,11,11
1.00795e+07,388,136,131
1.00606e+07,224,51,51
1.00879e+07,483,152,150
1.0042e+07,6,6,6
1.00433e+07,18,11,11
1.0043e+07,17,9,9
1.0069e+07,244,116,116
1.0056e+07,160,53,53
1.00418e+07,6,4,4
1.00432e+07,31,2,2
1.01098e+07,813,120,117
1.00449e+07,32,15,15
1.01073e+07,726,204,197
1.00847e+07,507,78,64
1.00654e+07,308,13,13
1.01047e+07,714,165,164
1.00464e+07,49,14,14
1.00649e+07,245,111,111
1.01098e+07,722,262,261
1.00415e+07,2,2,2
1.00451e+07,35,20,20
1.00476e+07,78,16,16
1.0076e+07,365,92,91
1.00649e+07,274,39,23
1.01344e+07,982,334,334
1.00418e+07,5,5,5
1.00646e+07,241,57,57
1.00889e+07,496,176,174
1.00473e+07,81,8,8
1.00627e+07,199,93,93
1.00459e+07,59,10,10
1.01351e+07,1063,248,241
1.00434e+07,20,10,10
1.00928e+07,584,141,140
1.00452e+07,45,14,14
1.00746e+07,392,93,92
1.01394e+07,1067,422,420
1.00455e+07,46,16,16
1.01694e+07,1340,560,560
1.00829e+07,436,125,125
1.01132e+07,745,258,257
1.00708e+07,335,82,81
1.01364e+07,1047,388,387
1.00622e+07,207,76,76
1.00837e+07,356,167,167
1.01086e+07,750,189,187
1.00817e+07,362,165,165
1.00895e+07,670,4,4
1.00479e+07,60,29,29
1.00939e+07,497,207,205
1.00498e+07,73,40,40
1.00494e+07,90,18,18
1.00587e+07,173,59,59
1.00663e+07,262,63,59
1.00764e+07,369,105,105
1.00916e+07,563,113,111
1.01001e+07,565,243,239
1.00427e+07,21,4,4
1.00565e+07,168,38,38
1.01004e+07,594,235,230
1.00435e+07,23,10,10
1.01465e+07,1221,351,340
1.00664e+07,294,17,17
1.00485e+07,69,28,28
1.01032e+07,663,267,263
1.00545e+07,149,29,29
1.00668e+07,372,2,2
1.01022e+07,625,207,207
1.01006e+07,659,252,251
1.01206e+07,807,295,294
1.00826e+07,456,101,97
1.00417e+07,4,3,3
1.00919e+07,539,169,169
1.00438e+07,26,12,12
1.02211e+07,1949,804,797
1.00432e+07,26,4,4
1.00443e+07,32,12,12
1.01282e+07,1002,268,263
1.00573e+07,153,64,64
1.00413e+07,1,1,1
1.00781e+07,520,5,5
1.00509e+07,128,21,21
1.00427e+07,19,4,4
1.01233e+07,913,227,227
1.00749e+07,333,117,116
1.00685e+07,260,129,129
1.00667e+07,239,98,98
1.0057e+07,181,29,29
1.00624e+07,219,71,71
1.0184e+07,1481,624,622
1.01903e+07,1479,615,612
1.00768e+07,399,118,118
1.00614e+07,290,2,2
1.01138e+07,773,281,280
1.00415e+07,2,2,2
1.00423e+07,13,6,6
1.00417e+07,4,3,3
1.00431e+07,17,7,7
1.00447e+07,32,17,17
1.00686e+07,271,105,105
1.02211e+07,1949,804,797
1.00843e+07,441,151,151
1.0085e+07,479,117,114
1.00738e+07,358,93,93
1.00482e+07,71,20,20
1.00728e+07,342,76,62
1.00873e+07,506,139,137
1.00463e+07,46,18,18
1.00464e+07,59,14,14
1.00558e+07,144,32,32
1.00792e+07,419,142,142
1.00548e+07,154,36,36
1.00446e+07,34,14,14
1.00512e+07,122,10,10
1.01677e+07,1313,509,506
1.0146e+07,1135,435,435
1.00445e+07,36,7,7
1.00436e+07,27,7,7
1.00563e+07,162,54,54
1.00698e+07,332,68,68
1.00429e+07,14,10,10
1.01631e+07,1276,531,527
1.00499e+07,110,12,12
1.00793e+07,420,103,103
1.00432e+07,22,7,7
1.00595e+07,178,44,43
1.00517e+07,119,28,28
1.00423e+07,8,7,7
1.00678e+07,310,89,70
1.00421e+07,10,3,3
1.01333e+07,999,367,364
1.00823e+07,508,117,117
1.009e+07,520,163,160
1.00415e+07,2,2,2
1.00422e+07,8,8,8
1.00417e+07,4,4,4
1.0068e+07,300,50,49
1.00659e+07,228,90,90
1.0051e+07,123,21,21
